<?xml version="1.0" encoding="UTF-8"?>
<beans xmlns="http://www.springframework.org/schema/beans"
       xmlns:xsi="http://www.w3.org/2001/XMLSchema-instance"
       xmlns:util="http://www.springframework.org/schema/util"
       xmlns:jee="http://www.springframework.org/schema/jee"
       xmlns:tx="http://www.springframework.org/schema/tx"
       xsi:schemaLocation="http://www.springframework.org/schema/beans http://www.springframework.org/schema/beans/spring-beans.xsd
                           http://www.springframework.org/schema/tx http://www.springframework.org/schema/tx/spring-tx.xsd
                           http://www.springframework.org/schema/util http://www.springframework.org/schema/util/spring-util.xsd
                           http://www.springframework.org/schema/jee http://www.springframework.org/schema/jee/spring-jee.xsd">
		
<!-- 		<jee:jndi-lookup id="jmsConnectionFactoryNQ"
                     jndi-name="jms/MQConnectionFactoryNQ"
                     expected-type="javax.jms.ConnectionFactory"
                     proxy-interface="javax.jms.ConnectionFactory"
                     lookup-on-startup="true"/> -->
                     
		<jee:jndi-lookup id="requestQueueAltair"
                     jndi-name="jms/NQ.QR.REQUEST.PS7"
					 expected-type="javax.jms.Queue"
                     proxy-interface="javax.jms.Queue"
                     lookup-on-startup="true"/>
                                          
		<jee:jndi-lookup id="responseQueueAltair"
                     jndi-name="jms/NQ.QL.ANSWER.PS7"
					 expected-type="javax.jms.Queue"
                     proxy-interface="javax.jms.Queue"
                     lookup-on-startup="true"/>	
                     
        <jee:jndi-lookup id="jmsConnectionFactoryLegado"
                     jndi-name="jms/MQConnectionFactoryNQLegado"
                     expected-type="javax.jms.ConnectionFactory"
                     proxy-interface="javax.jms.ConnectionFactory"
                     lookup-on-startup="true"/>
                     
        <jee:jndi-lookup id="requestQueueLegado"
                     jndi-name="jms/NQ.QR.REQUEST.LEGADO"
					 expected-type="javax.jms.Queue"
                     proxy-interface="javax.jms.Queue"
                     lookup-on-startup="true"/>	
                     
        <jee:jndi-lookup id="requestMultiQueueLegado"
                     jndi-name="jms/NQ.QR.REQUEST.LEGADO.MULT"
					 expected-type="javax.jms.Queue"
                     proxy-interface="javax.jms.Queue"
                     lookup-on-startup="true"/>
                     
        <jee:jndi-lookup id="responseQueueLegado"
                     jndi-name="jms/NQ.QL.ANSWER.LEGADO"
					 expected-type="javax.jms.Queue"
                     proxy-interface="javax.jms.Queue"
                     lookup-on-startup="true"/>	
                                          
	    <jee:jndi-lookup id="responseMultiQueueLegado"
                     jndi-name="jms/NQ.QL.ANSWER.LEGADO.MULT"
					 expected-type="javax.jms.Queue"
                     proxy-interface="javax.jms.Queue"
                     lookup-on-startup="true"/>
	
		<bean id="ConectorAltair" class="com.altec.bsbr.fw.altair.mq.service.impl.AltairMQGatewayServiceImpl">
	        <property name="userAltair" value="MQNQD"></property>
	        <property name="classPathFormatos" value="com.altec.bsbr.app.jab.nq.altair.formatos"></property>
	        <property name="formatoMensagem" value="PS7"></property>
	        <property name="connectionFactory" ref="jmsConnectionFactoryLegado"></property>
	        <property name="requestQueue" ref="requestQueueAltair"></property>
	        <property name="responseQueue" ref="responseQueueAltair"> </property>
    	</bean>
</beans>