<?xml version="1.0" encoding="UTF-8"?>

<configuration>

    <!-- =========================================================================================================== -->
    <!-- Appenders                                                                                                   -->
    <!-- =========================================================================================================== -->

   	<appender name="DEBUG_APPLICATION_LOG_FILE" class="ch.qos.logback.core.rolling.RollingFileAppender">
		<File>${BASE_LOG_PATH}/${application.name}_debug.log</File>

		<rollingPolicy class="ch.qos.logback.core.rolling.TimeBasedRollingPolicy">
			<FileNamePattern>${BASE_LOG_PATH}/${application.name}_%d.log.zip</FileNamePattern>
			<MaxHistory>30</MaxHistory> <!-- 30 dias -->
		</rollingPolicy>

	 	<layout class="com.altec.bsbr.fw.logging.WasLayout"/>
	</appender>

    <!-- =========================================================================================================== -->
    <!-- Loggers                                                                                                     -->
    <!-- =========================================================================================================== -->

    <root>
        <level value="INFO"/>
        <appender-ref ref="DEBUG_APPLICATION_LOG_FILE"/>
    </root>

    <!-- commons =================================================================================================== -->

    <logger name="org.apache">
        <level value="INFO"/>
    </logger>

    <!-- Hibernate ================================================================================================= -->

    <logger name="org.hibernate">
        <level value="INFO"/>
    </logger>

    <logger name="javax.persistence.EntityManager">
        <level value="INFO"/>
    </logger>

    <!-- Spring ==================================================================================================== -->

    <logger name="org.springframework">
        <level value="INFO"/>
    </logger>

    <!-- JSF ================================================================================================= -->

    <logger name="javax.faces">
        <level value="INFO"/>
    </logger>

    <logger name="com.sun.faces">
        <level value="INFO"/>
    </logger>

    <logger name="com.icesoft">
        <level value="INFO"/>
    </logger>

    <!-- Framework JAB ============================================================================================= -->

    <logger name="com.altec.bsbr.fw">
        <level value="INFO"/>
    </logger>

    <!-- Aplicacao ================================================================================================= -->

    <logger name="com.altec.bsbr.app.iy">
        <level value="DEBUG"/>
    </logger>

</configuration>
